Canal,Energía (keV),Cuentas
1,11.99,1
2,12.48,1
3,12.96,2
4,13.44,0
5,13.92,0
6,14.41,0
7,14.89,0
8,15.37,2
9,15.86,0
10,16.34,1
11,16.82,11
12,17.31,67
13,17.79,226
14,18.27,275
15,18.75,460
16,19.24,779
17,19.72,1156
18,20.2,1181
19,20.69,859
20,21.17,556
21,21.65,370
22,22.14,285
23,22.62,229
24,23.1,233
25,23.58,251
26,24.07,246
27,24.55,178
28,25.03,241
29,25.52,199
30,26.0,177
31,26.48,182
32,26.97,173
33,27.45,192
34,27.93,173
35,28.41,164
36,28.9,148
37,29.38,161
38,29.86,147
39,30.35,145
40,30.83,176
41,31.31,144
42,31.8,154
43,32.28,144
44,32.76,152
45,33.24,157
46,33.73,150
47,34.21,149
48,34.69,154
49,35.18,145
50,35.66,167
51,36.14,174
52,36.63,149
53,37.11,139
54,37.59,176
55,38.07,156
56,38.56,153
57,39.04,162
58,39.52,177
59,40.01,159
60,40.49,152
61,40.97,160
62,41.46,165
63,41.94,173
64,42.42,167
65,42.9,179
66,43.39,172
67,43.87,161
68,44.35,155
69,44.84,158
70,45.32,187
71,45.8,241
72,46.29,296
73,46.77,225
74,47.25,188
75,47.74,153
76,48.22,176
77,48.7,187
78,49.18,159
79,49.67,152
80,50.15,175
81,50.63,199
82,51.12,173
83,51.6,171
84,52.08,187
85,52.57,198
86,53.05,209
87,53.53,186
88,54.01,198
89,54.5,178
90,54.98,161
91,55.46,178
92,55.95,172
93,56.43,182
94,56.91,196
95,57.4,165
96,57.88,199
97,58.36,195
98,58.84,168
99,59.33,174
100,59.81,161
101,60.29,185
102,60.78,171
103,61.26,184
104,61.74,235
105,62.23,416
106,62.71,591
107,63.19,489
108,63.67,242
109,64.16,186
110,64.64,197
111,65.12,187
112,65.61,206
113,66.09,200
114,66.57,223
115,67.06,180
116,67.54,206
117,68.02,194
118,68.5,215
119,68.99,185
120,69.47,192
121,69.95,181
122,70.44,202
123,70.92,203
124,71.4,177
125,71.89,225
126,72.37,235
127,72.85,213
128,73.33,207
129,73.82,258
130,74.3,260
131,74.78,279
132,75.27,231
133,75.75,214
134,76.23,280
135,76.72,298
136,77.2,249
137,77.68,229
138,78.16,195
139,78.65,220
140,79.13,228
141,79.61,214
142,80.1,224
143,80.58,179
144,81.06,222
145,81.55,194
146,82.03,217
147,82.51,232
148,83.0,229
149,83.48,260
150,83.96,265
151,84.44,226
152,84.93,221
153,85.41,209
154,85.89,208
155,86.38,234
156,86.86,233
157,87.34,236
158,87.83,243
159,88.31,200
160,88.79,237
161,89.27,227
162,89.76,215
163,90.24,188
164,90.72,230
165,91.21,423
166,91.69,567
167,92.17,694
168,92.66,468
169,93.14,254
170,93.62,216
171,94.1,226
172,94.59,238
173,95.07,231
174,95.55,233
175,96.04,188
176,96.52,195
177,97.0,188
178,97.49,222
179,97.97,225
180,98.45,252
181,98.93,229
182,99.42,213
183,99.9,205
184,100.38,204
185,100.87,209
186,101.35,201
187,101.83,239
188,102.32,203
189,102.8,224
190,103.28,199
191,103.76,225
192,104.25,205
193,104.73,234
194,105.21,240
195,105.7,248
196,106.18,223
197,106.66,227
198,107.15,218
199,107.63,217
200,108.11,229
201,108.59,227
202,109.08,213
203,109.56,221
204,110.04,243
205,110.53,232
206,111.01,261
207,111.49,229
208,111.98,262
209,112.46,259
210,112.94,247
211,113.42,246
212,113.91,231
213,114.39,215
214,114.87,240
215,115.36,209
216,115.84,219
217,116.32,198
218,116.81,219
219,117.29,231
220,117.77,238
221,118.26,216
222,118.74,200
223,119.22,193
224,119.7,236
225,120.19,227
226,120.67,219
227,121.15,199
228,121.64,254
229,122.12,242
230,122.6,223
231,123.09,239
232,123.57,211
233,124.05,212
234,124.53,189
235,125.02,230
236,125.5,217
237,125.98,193
238,126.47,215
239,126.95,210
240,127.43,218
241,127.92,214
242,128.4,207
243,128.88,237
244,129.36,198
245,129.85,196
246,130.33,246
247,130.81,202
248,131.3,237
249,131.78,218
250,132.26,225
251,132.75,205
252,133.23,233
253,133.71,233
254,134.19,214
255,134.68,201
256,135.16,190
257,135.64,209
258,136.13,213
259,136.61,195
260,137.09,206
261,137.58,232
262,138.06,213
263,138.54,227
264,139.02,189
265,139.51,192
266,139.99,215
267,140.47,188
268,140.96,189
269,141.44,202
270,141.92,194
271,142.41,234
272,142.89,235
273,143.37,243
274,143.85,214
275,144.34,194
276,144.82,176
277,145.3,197
278,145.79,181
279,146.27,178
280,146.75,190
281,147.24,199
282,147.72,198
283,148.2,228
284,148.68,217
285,149.17,182
286,149.65,187
287,150.13,214
288,150.62,174
289,151.1,202
290,151.58,185
291,152.07,200
292,152.55,204
293,153.03,222
294,153.52,208
295,154.0,175
296,154.48,194
297,154.96,180
298,155.45,160
299,155.93,162
300,156.41,194
301,156.9,197
302,157.38,200
303,157.86,175
304,158.35,176
305,158.83,162
306,159.31,179
307,159.79,206
308,160.28,182
309,160.76,174
310,161.24,190
311,161.73,162
312,162.21,203
313,162.69,195
314,163.18,186
315,163.66,191
316,164.14,167
317,164.62,172
318,165.11,178
319,165.59,152
320,166.07,155
321,166.56,174
322,167.04,172
323,167.52,178
324,168.01,156
325,168.49,174
326,168.97,172
327,169.45,156
328,169.94,148
329,170.42,163
330,170.9,173
331,171.39,163
332,171.87,171
333,172.35,187
334,172.84,178
335,173.32,168
336,173.8,180
337,174.28,169
338,174.77,147
339,175.25,186
340,175.73,149
341,176.22,159
342,176.7,144
343,177.18,154
344,177.67,172
345,178.15,151
346,178.63,168
347,179.11,153
348,179.6,160
349,180.08,148
350,180.56,184
351,181.05,142
352,181.53,151
353,182.01,173
354,182.5,149
355,182.98,167
356,183.46,178
357,183.94,163
358,184.43,233
359,184.91,354
360,185.39,309
361,185.88,202
362,186.36,159
363,186.84,150
364,187.33,131
365,187.81,167
366,188.29,152
367,188.78,128
368,189.26,165
369,189.74,125
370,190.22,143
371,190.71,141
372,191.19,153
373,191.67,149
374,192.16,161
375,192.64,138
376,193.12,150
377,193.61,154
378,194.09,158
379,194.57,140
380,195.05,152
381,195.54,126
382,196.02,123
383,196.5,137
384,196.99,141
385,197.47,159
386,197.95,145
387,198.44,145
388,198.92,123
389,199.4,116
390,199.88,160
391,200.37,143
392,200.85,146
393,201.33,158
394,201.82,136
395,202.3,142
396,202.78,144
397,203.27,142
398,203.75,122
399,204.23,117
400,204.71,161
401,205.2,144
402,205.68,142
403,206.16,141
404,206.65,137
405,207.13,114
406,207.61,117
407,208.1,119
408,208.58,132
409,209.06,123
410,209.54,112
411,210.03,131
412,210.51,129
413,210.99,129
414,211.48,120
415,211.96,134
416,212.44,129
417,212.93,131
418,213.41,109
419,213.89,112
420,214.37,118
421,214.86,141
422,215.34,128
423,215.82,116
424,216.31,125
425,216.79,134
426,217.27,102
427,217.76,136
428,218.24,108
429,218.72,112
430,219.2,115
431,219.69,119
432,220.17,140
433,220.65,124
434,221.14,117
435,221.62,116
436,222.1,124
437,222.59,97
438,223.07,110
439,223.55,127
440,224.04,114
441,224.52,114
442,225.0,115
443,225.48,99
444,225.97,90
445,226.45,111
446,226.93,115
447,227.42,119
448,227.9,119
449,228.38,103
450,228.87,86
451,229.35,101
452,229.83,107
453,230.31,101
454,230.8,109
455,231.28,110
456,231.76,83
457,232.25,121
458,232.73,116
459,233.21,122
460,233.7,104
461,234.18,96
462,234.66,104
463,235.14,90
464,235.63,107
465,236.11,100
466,236.59,104
467,237.08,107
468,237.56,146
469,238.04,159
470,238.53,140
471,239.01,110
472,239.49,112
473,239.97,97
474,240.46,104
475,240.94,110
476,241.42,118
477,241.91,120
478,242.39,104
479,242.87,96
480,243.36,95
481,243.84,91
482,244.32,102
483,244.8,97
484,245.29,98
485,245.77,107
486,246.25,99
487,246.74,99
488,247.22,98
489,247.7,112
490,248.19,108
491,248.67,108
492,249.15,116
493,249.63,95
494,250.12,93
495,250.6,103
496,251.08,98
497,251.57,107
498,252.05,116
499,252.53,101
500,253.02,99
501,253.5,94
502,253.98,93
503,254.46,83
504,254.95,91
505,255.43,85
506,255.91,77
507,256.4,83
508,256.88,96
509,257.36,86
510,257.85,83
511,258.33,112
512,258.81,93
513,259.3,83
514,259.78,84
515,260.26,74
516,260.74,82
517,261.23,78
518,261.71,82
519,262.19,86
520,262.68,79
521,263.16,92
522,263.64,95
523,264.13,83
524,264.61,100
525,265.09,79
526,265.57,81
527,266.06,97
528,266.54,77
529,267.02,96
530,267.51,88
531,267.99,71
532,268.47,85
533,268.96,76
534,269.44,89
535,269.92,78
536,270.4,83
537,270.89,77
538,271.37,85
539,271.85,75
540,272.34,73
541,272.82,99
542,273.3,63
543,273.79,74
544,274.27,88
545,274.75,90
546,275.23,88
547,275.72,84
548,276.2,75
549,276.68,71
550,277.17,87
551,277.65,78
552,278.13,73
553,278.62,74
554,279.1,80
555,279.58,72
556,280.06,70
557,280.55,71
558,281.03,93
559,281.51,81
560,282.0,86
561,282.48,74
562,282.96,85
563,283.45,90
564,283.93,56
565,284.41,80
566,284.89,73
567,285.38,72
568,285.86,78
569,286.34,67
570,286.83,80
571,287.31,44
572,287.79,82
573,288.28,56
574,288.76,74
575,289.24,84
576,289.72,73
577,290.21,62
578,290.69,73
579,291.17,73
580,291.66,77
581,292.14,69
582,292.62,78
583,293.11,58
584,293.59,82
585,294.07,93
586,294.55,97
587,295.04,89
588,295.52,60
589,296.0,71
590,296.49,72
591,296.97,80
592,297.45,79
593,297.94,66
594,298.42,78
595,298.9,56
596,299.39,69
597,299.87,74
598,300.35,58
599,300.83,54
600,301.32,52
601,301.8,74
602,302.28,65
603,302.77,71
604,303.25,72
605,303.73,73
606,304.22,64
607,304.7,58
608,305.18,80
609,305.66,64
610,306.15,58
611,306.63,60
612,307.11,63
613,307.6,67
614,308.08,69
615,308.56,65
616,309.05,46
617,309.53,77
618,310.01,67
619,310.49,66
620,310.98,65
621,311.46,67
622,311.94,86
623,312.43,65
624,312.91,46
625,313.39,69
626,313.88,59
627,314.36,61
628,314.84,63
629,315.32,50
630,315.81,60
631,316.29,59
632,316.77,55
633,317.26,56
634,317.74,73
635,318.22,66
636,318.71,40
637,319.19,68
638,319.67,52
639,320.15,60
640,320.64,56
641,321.12,71
642,321.6,69
643,322.09,63
644,322.57,63
645,323.05,60
646,323.54,76
647,324.02,58
648,324.5,56
649,324.98,59
650,325.47,66
651,325.95,64
652,326.43,72
653,326.92,76
654,327.4,63
655,327.88,73
656,328.37,62
657,328.85,52
658,329.33,50
659,329.81,55
660,330.3,63
661,330.78,53
662,331.26,58
663,331.75,49
664,332.23,60
665,332.71,57
666,333.2,58
667,333.68,62
668,334.16,60
669,334.65,67
670,335.13,54
671,335.61,70
672,336.09,62
673,336.58,61
674,337.06,57
675,337.54,70
676,338.03,63
677,338.51,69
678,338.99,66
679,339.48,61
680,339.96,60
681,340.44,58
682,340.92,55
683,341.41,51
684,341.89,62
685,342.37,50
686,342.86,59
687,343.34,59
688,343.82,60
689,344.31,46
690,344.79,44
691,345.27,64
692,345.75,52
693,346.24,44
694,346.72,58
695,347.2,41
696,347.69,66
697,348.17,56
698,348.65,51
699,349.14,63
700,349.62,54
701,350.1,55
702,350.58,67
703,351.07,79
704,351.55,88
705,352.03,87
706,352.52,49
707,353.0,45
708,353.48,65
709,353.97,56
710,354.45,58
711,354.93,44
712,355.41,48
713,355.9,46
714,356.38,48
715,356.86,46
716,357.35,50
717,357.83,55
718,358.31,52
719,358.8,52
720,359.28,47
721,359.76,47
722,360.24,52
723,360.73,53
724,361.21,48
725,361.69,36
726,362.18,41
727,362.66,57
728,363.14,36
729,363.63,57
730,364.11,46
731,364.59,36
732,365.07,46
733,365.56,57
734,366.04,58
735,366.52,47
736,367.01,40
737,367.49,42
738,367.97,48
739,368.46,44
740,368.94,54
741,369.42,44
742,369.91,40
743,370.39,28
744,370.87,63
745,371.35,34
746,371.84,50
747,372.32,36
748,372.8,48
749,373.29,43
750,373.77,45
751,374.25,53
752,374.74,50
753,375.22,51
754,375.7,47
755,376.18,50
756,376.67,41
757,377.15,43
758,377.63,44
759,378.12,53
760,378.6,51
761,379.08,44
762,379.57,54
763,380.05,44
764,380.53,48
765,381.01,49
766,381.5,44
767,381.98,41
768,382.46,39
769,382.95,42
770,383.43,33
771,383.91,40
772,384.4,37
773,384.88,46
774,385.36,46
775,385.84,37
776,386.33,40
777,386.81,44
778,387.29,46
779,387.78,46
780,388.26,53
781,388.74,50
782,389.23,51
783,389.71,54
784,390.19,37
785,390.67,37
786,391.16,42
787,391.64,45
788,392.12,38
789,392.61,37
790,393.09,37
791,393.57,30
792,394.06,42
793,394.54,39
794,395.02,40
795,395.5,45
796,395.99,42
797,396.47,31
798,396.95,26
799,397.44,36
800,397.92,41
801,398.4,43
802,398.89,37
803,399.37,36
804,399.85,59
805,400.33,45
806,400.82,39
807,401.3,36
808,401.78,44
809,402.27,43
810,402.75,46
811,403.23,33
812,403.72,45
813,404.2,39
814,404.68,38
815,405.17,34
816,405.65,36
817,406.13,35
818,406.61,55
819,407.1,53
820,407.58,31
821,408.06,30
822,408.55,43
823,409.03,41
824,409.51,39
825,410.0,27
826,410.48,31
827,410.96,36
828,411.44,44
829,411.93,40
830,412.41,34
831,412.89,49
832,413.38,32
833,413.86,46
834,414.34,31
835,414.83,34
836,415.31,38
837,415.79,35
838,416.27,39
839,416.76,32
840,417.24,43
841,417.72,41
842,418.21,39
843,418.69,40
844,419.17,27
845,419.66,37
846,420.14,33
847,420.62,46
848,421.1,42
849,421.59,38
850,422.07,34
851,422.55,41
852,423.04,42
853,423.52,29
854,424.0,33
855,424.49,41
856,424.97,28
857,425.45,37
858,425.93,44
859,426.42,42
860,426.9,31
861,427.38,36
862,427.87,37
863,428.35,46
864,428.83,38
865,429.32,35
866,429.8,46
867,430.28,33
868,430.76,27
869,431.25,39
870,431.73,35
871,432.21,46
872,432.7,44
873,433.18,27
874,433.66,30
875,434.15,33
876,434.63,38
877,435.11,35
878,435.59,48
879,436.08,34
880,436.56,32
881,437.04,34
882,437.53,37
883,438.01,28
884,438.49,35
885,438.98,36
886,439.46,22
887,439.94,33
888,440.43,20
889,440.91,42
890,441.39,31
891,441.87,39
892,442.36,38
893,442.84,27
894,443.32,53
895,443.81,34
896,444.29,32
897,444.77,34
898,445.26,38
899,445.74,37
900,446.22,40
901,446.7,35
902,447.19,31
903,447.67,29
904,448.15,31
905,448.64,37
906,449.12,40
907,449.6,41
908,450.09,35
909,450.57,28
910,451.05,33
911,451.53,35
912,452.02,35
913,452.5,31
914,452.98,39
915,453.47,26
916,453.95,30
917,454.43,34
918,454.92,39
919,455.4,43
920,455.88,24
921,456.36,24
922,456.85,26
923,457.33,25
924,457.81,35
925,458.3,36
926,458.78,32
927,459.26,27
928,459.75,28
929,460.23,26
930,460.71,31
931,461.19,39
932,461.68,33
933,462.16,25
934,462.64,27
935,463.13,36
936,463.61,36
937,464.09,30
938,464.58,30
939,465.06,27
940,465.54,34
941,466.02,30
942,466.51,25
943,466.99,33
944,467.47,33
945,467.96,40
946,468.44,44
947,468.92,31
948,469.41,34
949,469.89,35
950,470.37,32
951,470.85,29
952,471.34,37
953,471.82,31
954,472.3,31
955,472.79,39
956,473.27,34
957,473.75,24
958,474.24,25
959,474.72,27
960,475.2,35
961,475.69,33
962,476.17,29
963,476.65,33
964,477.13,32
965,477.62,24
966,478.1,34
967,478.58,32
968,479.07,34
969,479.55,22
970,480.03,37
971,480.52,32
972,481.0,30
973,481.48,19
974,481.96,47
975,482.45,26
976,482.93,26
977,483.41,30
978,483.9,26
979,484.38,30
980,484.86,33
981,485.35,33
982,485.83,26
983,486.31,36
984,486.79,39
985,487.28,35
986,487.76,28
987,488.24,20
988,488.73,22
989,489.21,47
990,489.69,24
991,490.18,29
992,490.66,33
993,491.14,27
994,491.62,28
995,492.11,30
996,492.59,29
997,493.07,24
998,493.56,36
999,494.04,25
1000,494.52,27
1001,495.01,35
1002,495.49,37
1003,495.97,25
1004,496.45,35
1005,496.94,35
1006,497.42,21
1007,497.9,26
1008,498.39,33
1009,498.87,24
1010,499.35,36
1011,499.84,38
1012,500.32,29
1013,500.8,33
1014,501.28,31
1015,501.77,31
1016,502.25,24
1017,502.73,29
1018,503.22,31
1019,503.7,32
1020,504.18,34
1021,504.67,32
1022,505.15,36
1023,505.63,30
1024,506.11,34
1025,506.6,30
1026,507.08,37
1027,507.56,30
1028,508.05,30
1029,508.53,49
1030,509.01,59
1031,509.5,70
1032,509.98,78
1033,510.46,104
1034,510.95,93
1035,511.43,90
1036,511.91,88
1037,512.39,54
1038,512.88,46
1039,513.36,49
1040,513.84,38
1041,514.33,29
1042,514.81,24
1043,515.29,34
1044,515.78,28
1045,516.26,27
1046,516.74,20
1047,517.22,25
1048,517.71,32
1049,518.19,24
1050,518.67,26
1051,519.16,37
1052,519.64,28
1053,520.12,27
1054,520.61,28
1055,521.09,32
1056,521.57,32
1057,522.05,21
1058,522.54,20
1059,523.02,28
1060,523.5,14
1061,523.99,18
1062,524.47,22
1063,524.95,33
1064,525.44,26
1065,525.92,40
1066,526.4,21
1067,526.88,34
1068,527.37,22
1069,527.85,28
1070,528.33,24
1071,528.82,29
1072,529.3,31
1073,529.78,26
1074,530.27,25
1075,530.75,29
1076,531.23,27
1077,531.71,29
1078,532.2,23
1079,532.68,24
1080,533.16,22
1081,533.65,25
1082,534.13,22
1083,534.61,22
1084,535.1,20
1085,535.58,33
1086,536.06,37
1087,536.54,28
1088,537.03,26
1089,537.51,34
1090,537.99,29
1091,538.48,30
1092,538.96,19
1093,539.44,20
1094,539.93,29
1095,540.41,35
1096,540.89,27
1097,541.37,25
1098,541.86,22
1099,542.34,31
1100,542.82,20
1101,543.31,19
1102,543.79,29
1103,544.27,28
1104,544.76,24
1105,545.24,19
1106,545.72,32
1107,546.21,23
1108,546.69,32
1109,547.17,22
1110,547.65,34
1111,548.14,20
1112,548.62,27
1113,549.1,23
1114,549.59,27
1115,550.07,30
1116,550.55,27
1117,551.04,24
1118,551.52,24
1119,552.0,24
1120,552.48,22
1121,552.97,21
1122,553.45,17
1123,553.93,22
1124,554.42,18
1125,554.9,22
1126,555.38,28
1127,555.87,30
1128,556.35,16
1129,556.83,29
1130,557.31,18
1131,557.8,20
1132,558.28,25
1133,558.76,21
1134,559.25,23
1135,559.73,27
1136,560.21,16
1137,560.7,28
1138,561.18,21
1139,561.66,15
1140,562.14,18
1141,562.63,23
1142,563.11,29
1143,563.59,23
1144,564.08,26
1145,564.56,38
1146,565.04,26
1147,565.53,18
1148,566.01,29
1149,566.49,19
1150,566.97,21
1151,567.46,15
1152,567.94,35
1153,568.42,20
1154,568.91,24
1155,569.39,18
1156,569.87,24
1157,570.36,27
1158,570.84,25
1159,571.32,24
1160,571.8,26
1161,572.29,21
1162,572.77,22
1163,573.25,32
1164,573.74,18
1165,574.22,25
1166,574.7,25
1167,575.19,25
1168,575.67,27
1169,576.15,25
1170,576.63,32
1171,577.12,16
1172,577.6,30
1173,578.08,23
1174,578.57,28
1175,579.05,23
1176,579.53,25
1177,580.02,16
1178,580.5,20
1179,580.98,22
1180,581.47,24
1181,581.95,27
1182,582.43,29
1183,582.91,34
1184,583.4,38
1185,583.88,18
1186,584.36,24
1187,584.85,29
1188,585.33,22
1189,585.81,23
1190,586.3,14
1191,586.78,21
1192,587.26,28
1193,587.74,25
1194,588.23,21
1195,588.71,13
1196,589.19,28
1197,589.68,28
1198,590.16,28
1199,590.64,31
1200,591.13,26
1201,591.61,21
1202,592.09,31
1203,592.57,21
1204,593.06,21
1205,593.54,15
1206,594.02,26
1207,594.51,21
1208,594.99,25
1209,595.47,23
1210,595.96,29
1211,596.44,24
1212,596.92,32
1213,597.4,28
1214,597.89,19
1215,598.37,18
1216,598.85,18
1217,599.34,14
1218,599.82,21
1219,600.3,26
1220,600.79,23
1221,601.27,19
1222,601.75,20
1223,602.23,28
1224,602.72,27
1225,603.2,23
1226,603.68,17
1227,604.17,20
1228,604.65,29
1229,605.13,23
1230,605.62,24
1231,606.1,24
1232,606.58,24
1233,607.06,15
1234,607.55,16
1235,608.03,42
1236,608.51,58
1237,609.0,52
1238,609.48,61
1239,609.96,35
1240,610.45,25
1241,610.93,21
1242,611.41,26
1243,611.89,24
1244,612.38,20
1245,612.86,14
1246,613.34,22
1247,613.83,21
1248,614.31,21
1249,614.79,25
1250,615.28,19
1251,615.76,17
1252,616.24,26
1253,616.73,14
1254,617.21,19
1255,617.69,19
1256,618.17,15
1257,618.66,20
1258,619.14,25
1259,619.62,26
1260,620.11,20
1261,620.59,21
1262,621.07,24
1263,621.56,24
1264,622.04,20
1265,622.52,15
1266,623.0,19
1267,623.49,13
1268,623.97,15
1269,624.45,20
1270,624.94,26
1271,625.42,31
1272,625.9,29
1273,626.39,33
1274,626.87,17
1275,627.35,17
1276,627.83,13
1277,628.32,20
1278,628.8,18
1279,629.28,22
1280,629.77,12
1281,630.25,24
1282,630.73,13
1283,631.22,23
1284,631.7,24
1285,632.18,31
1286,632.66,25
1287,633.15,22
1288,633.63,17
1289,634.11,21
1290,634.6,23
1291,635.08,25
1292,635.56,19
1293,636.05,24
1294,636.53,22
1295,637.01,16
1296,637.49,20
1297,637.98,15
1298,638.46,29
1299,638.94,21
1300,639.43,17
1301,639.91,25
1302,640.39,16
1303,640.88,22
1304,641.36,18
1305,641.84,23
1306,642.32,25
1307,642.81,14
1308,643.29,18
1309,643.77,24
1310,644.26,20
1311,644.74,22
1312,645.22,24
1313,645.71,22
1314,646.19,19
1315,646.67,27
1316,647.15,18
1317,647.64,24
1318,648.12,16
1319,648.6,14
1320,649.09,28
1321,649.57,13
1322,650.05,24
1323,650.54,22
1324,651.02,19
1325,651.5,19
1326,651.98,23
1327,652.47,22
1328,652.95,19
1329,653.43,18
1330,653.92,23
1331,654.4,16
1332,654.88,23
1333,655.37,33
1334,655.85,24
1335,656.33,15
1336,656.82,18
1337,657.3,17
1338,657.78,16
1339,658.26,20
1340,658.75,16
1341,659.23,26
1342,659.71,27
1343,660.2,24
1344,660.68,13
1345,661.16,22
1346,661.65,23
1347,662.13,18
1348,662.61,26
1349,663.09,15
1350,663.58,22
1351,664.06,21
1352,664.54,18
1353,665.03,20
1354,665.51,25
1355,665.99,13
1356,666.48,23
1357,666.96,22
1358,667.44,24
1359,667.92,29
1360,668.41,19
1361,668.89,17
1362,669.37,15
1363,669.86,15
1364,670.34,21
1365,670.82,20
1366,671.31,19
1367,671.79,20
1368,672.27,22
1369,672.75,28
1370,673.24,18
1371,673.72,26
1372,674.2,16
1373,674.69,21
1374,675.17,19
1375,675.65,21
1376,676.14,14
1377,676.62,23
1378,677.1,12
1379,677.58,24
1380,678.07,19
1381,678.55,24
1382,679.03,25
1383,679.52,19
1384,680.0,16
1385,680.48,19
1386,680.97,25
1387,681.45,20
1388,681.93,16
1389,682.41,18
1390,682.9,23
1391,683.38,18
1392,683.86,16
1393,684.35,16
1394,684.83,21
1395,685.31,17
1396,685.8,17
1397,686.28,13
1398,686.76,27
1399,687.24,20
1400,687.73,26
1401,688.21,20
1402,688.69,28
1403,689.18,10
1404,689.66,11
1405,690.14,16
1406,690.63,18
1407,691.11,14
1408,691.59,20
1409,692.08,31
1410,692.56,19
1411,693.04,14
1412,693.52,26
1413,694.01,8
1414,694.49,21
1415,694.97,14
1416,695.46,23
1417,695.94,17
1418,696.42,11
1419,696.91,14
1420,697.39,16
1421,697.87,19
1422,698.35,15
1423,698.84,21
1424,699.32,25
1425,699.8,23
1426,700.29,27
1427,700.77,19
1428,701.25,18
1429,701.74,11
1430,702.22,27
1431,702.7,23
1432,703.18,24
1433,703.67,20
1434,704.15,10
1435,704.63,15
1436,705.12,22
1437,705.6,17
1438,706.08,20
1439,706.57,16
1440,707.05,18
1441,707.53,18
1442,708.01,13
1443,708.5,16
1444,708.98,16
1445,709.46,10
1446,709.95,18
1447,710.43,21
1448,710.91,16
1449,711.4,16
1450,711.88,16
1451,712.36,14
1452,712.84,24
1453,713.33,21
1454,713.81,13
1455,714.29,18
1456,714.78,14
1457,715.26,14
1458,715.74,11
1459,716.23,18
1460,716.71,19
1461,717.19,18
1462,717.67,18
1463,718.16,17
1464,718.64,16
1465,719.12,19
1466,719.61,16
1467,720.09,19
1468,720.57,19
1469,721.06,24
1470,721.54,11
1471,722.02,20
1472,722.5,9
1473,722.99,9
1474,723.47,15
1475,723.95,11
1476,724.44,22
1477,724.92,18
1478,725.4,20
1479,725.89,17
1480,726.37,19
1481,726.85,18
1482,727.34,13
1483,727.82,17
1484,728.3,16
1485,728.78,12
1486,729.27,9
1487,729.75,18
1488,730.23,10
1489,730.72,14
1490,731.2,12
1491,731.68,17
1492,732.17,22
1493,732.65,14
1494,733.13,13
1495,733.61,22
1496,734.1,14
1497,734.58,10
1498,735.06,17
1499,735.55,17
1500,736.03,22
1501,736.51,15
1502,737.0,23
1503,737.48,16
1504,737.96,22
1505,738.44,22
1506,738.93,13
1507,739.41,26
1508,739.89,15
1509,740.38,29
1510,740.86,26
1511,741.34,21
1512,741.83,17
1513,742.31,24
1514,742.79,21
1515,743.27,12
1516,743.76,14
1517,744.24,16
1518,744.72,17
1519,745.21,13
1520,745.69,10
1521,746.17,25
1522,746.66,19
1523,747.14,11
1524,747.62,9
1525,748.1,22
1526,748.59,17
1527,749.07,18
1528,749.55,23
1529,750.04,18
1530,750.52,16
1531,751.0,14
1532,751.49,19
1533,751.97,17
1534,752.45,18
1535,752.93,15
1536,753.42,16
1537,753.9,15
1538,754.38,17
1539,754.87,16
1540,755.35,26
1541,755.83,23
1542,756.32,12
1543,756.8,17
1544,757.28,13
1545,757.76,15
1546,758.25,19
1547,758.73,22
1548,759.21,18
1549,759.7,16
1550,760.18,15
1551,760.66,15
1552,761.15,12
1553,761.63,22
1554,762.11,20
1555,762.6,16
1556,763.08,5
1557,763.56,12
1558,764.04,13
1559,764.53,20
1560,765.01,16
1561,765.49,16
1562,765.98,21
1563,766.46,28
1564,766.94,16
1565,767.43,19
1566,767.91,19
1567,768.39,24
1568,768.87,17
1569,769.36,14
1570,769.84,14
1571,770.32,10
1572,770.81,14
1573,771.29,14
1574,771.77,14
1575,772.26,12
1576,772.74,19
1577,773.22,16
1578,773.7,19
1579,774.19,10
1580,774.67,22
1581,775.15,21
1582,775.64,23
1583,776.12,9
1584,776.6,14
1585,777.09,13
1586,777.57,21
1587,778.05,25
1588,778.53,23
1589,779.02,14
1590,779.5,15
1591,779.98,10
1592,780.47,17
1593,780.95,13
1594,781.43,10
1595,781.92,13
1596,782.4,14
1597,782.88,15
1598,783.36,18
1599,783.85,16
1600,784.33,16
1601,784.81,16
1602,785.3,18
1603,785.78,14
1604,786.26,20
1605,786.75,15
1606,787.23,11
1607,787.71,25
1608,788.19,16
1609,788.68,15
1610,789.16,16
1611,789.64,18
1612,790.13,13
1613,790.61,14
1614,791.09,18
1615,791.58,21
1616,792.06,14
1617,792.54,18
1618,793.02,20
1619,793.51,13
1620,793.99,12
1621,794.47,18
1622,794.96,16
1623,795.44,17
1624,795.92,18
1625,796.41,16
1626,796.89,12
1627,797.37,7
1628,797.86,15
1629,798.34,17
1630,798.82,14
1631,799.3,12
1632,799.79,14
1633,800.27,15
1634,800.75,10
1635,801.24,18
1636,801.72,17
1637,802.2,17
1638,802.69,17
1639,803.17,11
1640,803.65,20
1641,804.13,15
1642,804.62,12
1643,805.1,16
1644,805.58,16
1645,806.07,11
1646,806.55,14
1647,807.03,15
1648,807.52,10
1649,808.0,11
1650,808.48,13
1651,808.96,12
1652,809.45,16
1653,809.93,9
1654,810.41,11
1655,810.9,12
1656,811.38,17
1657,811.86,7
1658,812.35,12
1659,812.83,13
1660,813.31,16
1661,813.79,13
1662,814.28,17
1663,814.76,19
1664,815.24,15
1665,815.73,9
1666,816.21,21
1667,816.69,15
1668,817.18,9
1669,817.66,9
1670,818.14,16
1671,818.62,12
1672,819.11,15
1673,819.59,15
1674,820.07,11
1675,820.56,14
1676,821.04,16
1677,821.52,10
1678,822.01,8
1679,822.49,10
1680,822.97,14
1681,823.45,18
1682,823.94,23
1683,824.42,17
1684,824.9,14
1685,825.39,11
1686,825.87,12
1687,826.35,16
1688,826.84,16
1689,827.32,17
1690,827.8,18
1691,828.28,13
1692,828.77,10
1693,829.25,11
1694,829.73,14
1695,830.22,10
1696,830.7,7
1697,831.18,17
1698,831.67,13
1699,832.15,18
1700,832.63,12
1701,833.12,16
1702,833.6,15
1703,834.08,10
1704,834.56,16
1705,835.05,17
1706,835.53,17
1707,836.01,15
1708,836.5,22
1709,836.98,12
1710,837.46,15
1711,837.95,12
1712,838.43,18
1713,838.91,17
1714,839.39,17
1715,839.88,16
1716,840.36,15
1717,840.84,16
1718,841.33,20
1719,841.81,19
1720,842.29,12
1721,842.78,13
1722,843.26,13
1723,843.74,20
1724,844.22,17
1725,844.71,12
1726,845.19,14
1727,845.67,18
1728,846.16,16
1729,846.64,26
1730,847.12,35
1731,847.61,25
1732,848.09,19
1733,848.57,22
1734,849.05,16
1735,849.54,14
1736,850.02,14
1737,850.5,14
1738,850.99,15
1739,851.47,15
1740,851.95,17
1741,852.44,18
1742,852.92,17
1743,853.4,14
1744,853.88,10
1745,854.37,10
1746,854.85,12
1747,855.33,20
1748,855.82,13
1749,856.3,7
1750,856.78,18
1751,857.27,12
1752,857.75,11
1753,858.23,15
1754,858.71,10
1755,859.2,15
1756,859.68,13
1757,860.16,18
1758,860.65,20
1759,861.13,15
1760,861.61,12
1761,862.1,10
1762,862.58,15
1763,863.06,14
1764,863.54,17
1765,864.03,17
1766,864.51,17
1767,864.99,18
1768,865.48,10
1769,865.96,6
1770,866.44,9
1771,866.93,11
1772,867.41,13
1773,867.89,15
1774,868.38,10
1775,868.86,6
1776,869.34,12
1777,869.82,13
1778,870.31,11
1779,870.79,11
1780,871.27,15
1781,871.76,15
1782,872.24,19
1783,872.72,10
1784,873.21,12
1785,873.69,9
1786,874.17,12
1787,874.65,14
1788,875.14,9
1789,875.62,9
1790,876.1,9
1791,876.59,18
1792,877.07,13
1793,877.55,13
1794,878.04,14
1795,878.52,22
1796,879.0,16
1797,879.48,15
1798,879.97,22
1799,880.45,15
1800,880.93,15
1801,881.42,8
1802,881.9,11
1803,882.38,18
1804,882.87,8
1805,883.35,16
1806,883.83,13
1807,884.31,5
1808,884.8,18
1809,885.28,13
1810,885.76,15
1811,886.25,10
1812,886.73,14
1813,887.21,15
1814,887.7,9
1815,888.18,13
1816,888.66,15
1817,889.14,11
1818,889.63,18
1819,890.11,14
1820,890.59,12
1821,891.08,17
1822,891.56,9
1823,892.04,19
1824,892.53,11
1825,893.01,16
1826,893.49,15
1827,893.97,20
1828,894.46,16
1829,894.94,10
1830,895.42,14
1831,895.91,9
1832,896.39,8
1833,896.87,19
1834,897.36,15
1835,897.84,13
1836,898.32,13
1837,898.8,6
1838,899.29,12
1839,899.77,10
1840,900.25,9
1841,900.74,12
1842,901.22,10
1843,901.7,5
1844,902.19,19
1845,902.67,10
1846,903.15,13
1847,903.64,11
1848,904.12,14
1849,904.6,11
1850,905.08,12
1851,905.57,15
1852,906.05,11
1853,906.53,17
1854,907.02,12
1855,907.5,13
1856,907.98,17
1857,908.47,3
1858,908.95,8
1859,909.43,13
1860,909.91,9
1861,910.4,23
1862,910.88,14
1863,911.36,25
1864,911.85,10
1865,912.33,16
1866,912.81,21
1867,913.3,11
1868,913.78,12
1869,914.26,8
1870,914.74,11
1871,915.23,10
1872,915.71,13
1873,916.19,7
1874,916.68,15
1875,917.16,10
1876,917.64,14
1877,918.13,10
1878,918.61,14
1879,919.09,9
1880,919.57,18
1881,920.06,13
1882,920.54,17
1883,921.02,17
1884,921.51,16
1885,921.99,12
1886,922.47,15
1887,922.96,17
1888,923.44,15
1889,923.92,6
1890,924.4,10
1891,924.89,10
1892,925.37,10
1893,925.85,17
1894,926.34,11
1895,926.82,11
1896,927.3,4
1897,927.79,7
1898,928.27,12
1899,928.75,11
1900,929.23,11
1901,929.72,16
1902,930.2,8
1903,930.68,18
1904,931.17,9
1905,931.65,8
1906,932.13,10
1907,932.62,11
1908,933.1,12
1909,933.58,15
1910,934.06,13
1911,934.55,16
1912,935.03,14
1913,935.51,14
1914,936.0,11
1915,936.48,15
1916,936.96,5
1917,937.45,12
1918,937.93,15
1919,938.41,14
1920,938.9,9
1921,939.38,15
1922,939.86,11
1923,940.34,14
1924,940.83,11
1925,941.31,14
1926,941.79,11
1927,942.28,6
1928,942.76,13
1929,943.24,11
1930,943.73,11
1931,944.21,14
1932,944.69,6
1933,945.17,14
1934,945.66,11
1935,946.14,14
1936,946.62,6
1937,947.11,7
1938,947.59,12
1939,948.07,14
1940,948.56,8
1941,949.04,13
1942,949.52,17
1943,950.0,8
1944,950.49,15
1945,950.97,11
1946,951.45,12
1947,951.94,14
1948,952.42,12
1949,952.9,13
1950,953.39,16
1951,953.87,12
1952,954.35,19
1953,954.83,16
1954,955.32,11
1955,955.8,9
1956,956.28,15
1957,956.77,10
1958,957.25,10
1959,957.73,9
1960,958.22,8
1961,958.7,7
1962,959.18,15
1963,959.66,7
1964,960.15,5
1965,960.63,8
1966,961.11,8
1967,961.6,10
1968,962.08,13
1969,962.56,12
1970,963.05,6
1971,963.53,14
1972,964.01,12
1973,964.49,16
1974,964.98,7
1975,965.46,15
1976,965.94,11
1977,966.43,15
1978,966.91,7
1979,967.39,19
1980,967.88,11
1981,968.36,11
1982,968.84,10
1983,969.32,15
1984,969.81,19
1985,970.29,13
1986,970.77,7
1987,971.26,10
1988,971.74,7
1989,972.22,16
1990,972.71,13
1991,973.19,11
1992,973.67,9
1993,974.16,11
1994,974.64,7
1995,975.12,9
1996,975.6,12
1997,976.09,16
1998,976.57,11
1999,977.05,10
2000,977.54,11
2001,978.02,19
2002,978.5,13
2003,978.99,15
2004,979.47,13
2005,979.95,19
2006,980.43,11
2007,980.92,4
2008,981.4,7
2009,981.88,16
2010,982.37,8
2011,982.85,11
2012,983.33,9
2013,983.82,12
2014,984.3,13
2015,984.78,14
2016,985.26,12
2017,985.75,10
2018,986.23,6
2019,986.71,8
2020,987.2,14
2021,987.68,8
2022,988.16,14
2023,988.65,8
2024,989.13,12
2025,989.61,10
2026,990.09,14
2027,990.58,7
2028,991.06,13
2029,991.54,17
2030,992.03,16
2031,992.51,5
2032,992.99,13
2033,993.48,11
2034,993.96,10
2035,994.44,4
2036,994.92,16
2037,995.41,13
2038,995.89,15
2039,996.37,5
2040,996.86,14
2041,997.34,12
2042,997.82,11
2043,998.31,10
2044,998.79,18
2045,999.27,10
2046,999.75,9
2047,1000.24,12
2048,1000.72,21
2049,1001.2,18
2050,1001.69,18
2051,1002.17,20
2052,1002.65,23
2053,1003.14,11
2054,1003.62,12
2055,1004.1,13
2056,1004.58,14
2057,1005.07,11
2058,1005.55,9
2059,1006.03,14
2060,1006.52,13
2061,1007.0,10
2062,1007.48,13
2063,1007.97,4
2064,1008.45,17
2065,1008.93,7
2066,1009.41,11
2067,1009.9,13
2068,1010.38,9
2069,1010.86,17
2070,1011.35,14
2071,1011.83,13
2072,1012.31,12
2073,1012.8,13
2074,1013.28,11
2075,1013.76,10
2076,1014.25,17
2077,1014.73,10
2078,1015.21,11
2079,1015.69,8
2080,1016.18,12
2081,1016.66,17
2082,1017.14,8
2083,1017.63,8
2084,1018.11,12
2085,1018.59,12
2086,1019.08,6
2087,1019.56,8
2088,1020.04,12
2089,1020.52,12
2090,1021.01,10
2091,1021.49,9
2092,1021.97,12
2093,1022.46,13
2094,1022.94,12
2095,1023.42,11
2096,1023.91,11
2097,1024.39,7
2098,1024.87,7
2099,1025.35,9
2100,1025.84,8
2101,1026.32,9
2102,1026.8,10
2103,1027.29,12
2104,1027.77,8
2105,1028.25,10
2106,1028.74,17
2107,1029.22,9
2108,1029.7,9
2109,1030.18,12
2110,1030.67,4
2111,1031.15,18
2112,1031.63,9
2113,1032.12,12
2114,1032.6,15
2115,1033.08,8
2116,1033.57,7
2117,1034.05,5
2118,1034.53,9
2119,1035.01,11
2120,1035.5,9
2121,1035.98,9
2122,1036.46,12
2123,1036.95,11
2124,1037.43,13
2125,1037.91,10
2126,1038.4,8
2127,1038.88,4
2128,1039.36,9
2129,1039.84,13
2130,1040.33,13
2131,1040.81,8
2132,1041.29,9
2133,1041.78,7
2134,1042.26,6
2135,1042.74,7
2136,1043.23,11
2137,1043.71,10
2138,1044.19,13
2139,1044.67,9
2140,1045.16,10
2141,1045.64,7
2142,1046.12,9
2143,1046.61,14
2144,1047.09,16
2145,1047.57,15
2146,1048.06,8
2147,1048.54,6
2148,1049.02,11
2149,1049.51,12
2150,1049.99,6
2151,1050.47,9
2152,1050.95,9
2153,1051.44,8
2154,1051.92,9
2155,1052.4,11
2156,1052.89,11
2157,1053.37,5
2158,1053.85,8
2159,1054.34,7
2160,1054.82,9
2161,1055.3,6
2162,1055.78,6
2163,1056.27,10
2164,1056.75,10
2165,1057.23,11
2166,1057.72,12
2167,1058.2,10
2168,1058.68,8
2169,1059.17,11
2170,1059.65,12
2171,1060.13,15
2172,1060.61,7
2173,1061.1,10
2174,1061.58,6
2175,1062.06,10
2176,1062.55,3
2177,1063.03,10
2178,1063.51,10
2179,1064.0,7
2180,1064.48,5
2181,1064.96,7
2182,1065.44,13
2183,1065.93,9
2184,1066.41,13
2185,1066.89,11
2186,1067.38,7
2187,1067.86,6
2188,1068.34,7
2189,1068.83,10
2190,1069.31,8
2191,1069.79,9
2192,1070.27,8
2193,1070.76,5
2194,1071.24,9
2195,1071.72,6
2196,1072.21,11
2197,1072.69,12
2198,1073.17,8
2199,1073.66,5
2200,1074.14,12
2201,1074.62,3
2202,1075.1,14
2203,1075.59,12
2204,1076.07,6
2205,1076.55,13
2206,1077.04,7
2207,1077.52,8
2208,1078.0,13
2209,1078.49,7
2210,1078.97,13
2211,1079.45,8
2212,1079.93,10
2213,1080.42,12
2214,1080.9,10
2215,1081.38,10
2216,1081.87,10
2217,1082.35,9
2218,1082.83,7
2219,1083.32,9
2220,1083.8,5
2221,1084.28,7
2222,1084.77,10
2223,1085.25,4
2224,1085.73,7
2225,1086.21,14
2226,1086.7,10
2227,1087.18,8
2228,1087.66,8
2229,1088.15,15
2230,1088.63,8
2231,1089.11,12
2232,1089.6,12
2233,1090.08,6
2234,1090.56,6
2235,1091.04,9
2236,1091.53,14
2237,1092.01,12
2238,1092.49,8
2239,1092.98,5
2240,1093.46,7
2241,1093.94,11
2242,1094.43,6
2243,1094.91,10
2244,1095.39,9
2245,1095.87,4
2246,1096.36,5
2247,1096.84,6
2248,1097.32,10
2249,1097.81,11
2250,1098.29,5
2251,1098.77,9
2252,1099.26,3
2253,1099.74,13
2254,1100.22,6
2255,1100.7,7
2256,1101.19,8
2257,1101.67,15
2258,1102.15,8
2259,1102.64,5
2260,1103.12,9
2261,1103.6,6
2262,1104.09,8
2263,1104.57,3
2264,1105.05,7
2265,1105.53,7
2266,1106.02,7
2267,1106.5,8
2268,1106.98,9
2269,1107.47,10
2270,1107.95,11
2271,1108.43,13
2272,1108.92,5
2273,1109.4,12
2274,1109.88,2
2275,1110.36,6
2276,1110.85,10
2277,1111.33,11
2278,1111.81,4
2279,1112.3,9
2280,1112.78,10
2281,1113.26,10
2282,1113.75,8
2283,1114.23,10
2284,1114.71,12
2285,1115.19,8
2286,1115.68,7
2287,1116.16,6
2288,1116.64,10
2289,1117.13,11
2290,1117.61,5
2291,1118.09,12
2292,1118.58,11
2293,1119.06,7
2294,1119.54,6
2295,1120.03,11
2296,1120.51,20
2297,1120.99,22
2298,1121.47,15
2299,1121.96,14
2300,1122.44,14
2301,1122.92,7
2302,1123.41,11
2303,1123.89,8
2304,1124.37,10
2305,1124.86,9
2306,1125.34,8
2307,1125.82,6
2308,1126.3,5
2309,1126.79,8
2310,1127.27,11
2311,1127.75,7
2312,1128.24,18
2313,1128.72,7
2314,1129.2,11
2315,1129.69,7
2316,1130.17,12
2317,1130.65,10
2318,1131.13,3
2319,1131.62,11
2320,1132.1,3
2321,1132.58,5
2322,1133.07,8
2323,1133.55,8
2324,1134.03,10
2325,1134.52,8
2326,1135.0,9
2327,1135.48,2
2328,1135.96,4
2329,1136.45,8
2330,1136.93,15
2331,1137.41,11
2332,1137.9,12
2333,1138.38,14
2334,1138.86,15
2335,1139.35,8
2336,1139.83,5
2337,1140.31,6
2338,1140.79,17
2339,1141.28,7
2340,1141.76,5
2341,1142.24,5
2342,1142.73,13
2343,1143.21,7
2344,1143.69,11
2345,1144.18,7
2346,1144.66,17
2347,1145.14,9
2348,1145.62,5
2349,1146.11,9
2350,1146.59,7
2351,1147.07,5
2352,1147.56,4
2353,1148.04,5
2354,1148.52,4
2355,1149.01,11
2356,1149.49,8
2357,1149.97,5
2358,1150.45,7
2359,1150.94,6
2360,1151.42,11
2361,1151.9,8
2362,1152.39,5
2363,1152.87,14
2364,1153.35,6
2365,1153.84,7
2366,1154.32,8
2367,1154.8,8
2368,1155.29,6
2369,1155.77,6
2370,1156.25,8
2371,1156.73,7
2372,1157.22,7
2373,1157.7,10
2374,1158.18,6
2375,1158.67,7
2376,1159.15,5
2377,1159.63,6
2378,1160.12,8
2379,1160.6,8
2380,1161.08,12
2381,1161.56,4
2382,1162.05,9
2383,1162.53,10
2384,1163.01,9
2385,1163.5,11
2386,1163.98,4
2387,1164.46,6
2388,1164.95,12
2389,1165.43,21
2390,1165.91,8
2391,1166.39,13
2392,1166.88,9
2393,1167.36,5
2394,1167.84,8
2395,1168.33,6
2396,1168.81,8
2397,1169.29,10
2398,1169.78,8
2399,1170.26,11
2400,1170.74,5
2401,1171.22,5
2402,1171.71,9
2403,1172.19,11
2404,1172.67,9
2405,1173.16,10
2406,1173.64,5
2407,1174.12,8
2408,1174.61,6
2409,1175.09,4
2410,1175.57,8
2411,1176.05,4
2412,1176.54,9
2413,1177.02,9
2414,1177.5,9
2415,1177.99,4
2416,1178.47,7
2417,1178.95,4
2418,1179.44,8
2419,1179.92,9
2420,1180.4,14
2421,1180.88,8
2422,1181.37,7
2423,1181.85,4
2424,1182.33,6
2425,1182.82,7
2426,1183.3,7
2427,1183.78,15
2428,1184.27,12
2429,1184.75,11
2430,1185.23,4
2431,1185.71,7
2432,1186.2,9
2433,1186.68,9
2434,1187.16,9
2435,1187.65,7
2436,1188.13,6
2437,1188.61,5
2438,1189.1,7
2439,1189.58,6
2440,1190.06,8
2441,1190.55,9
2442,1191.03,7
2443,1191.51,9
2444,1191.99,11
2445,1192.48,7
2446,1192.96,18
2447,1193.44,6
2448,1193.93,11
2449,1194.41,9
2450,1194.89,10
2451,1195.38,5
2452,1195.86,11
2453,1196.34,9
2454,1196.82,8
2455,1197.31,12
2456,1197.79,13
2457,1198.27,6
2458,1198.76,12
2459,1199.24,4
2460,1199.72,6
2461,1200.21,9
2462,1200.69,10
2463,1201.17,5
2464,1201.65,11
2465,1202.14,10
2466,1202.62,5
2467,1203.1,8
2468,1203.59,7
2469,1204.07,4
2470,1204.55,9
2471,1205.04,6
2472,1205.52,7
2473,1206.0,14
2474,1206.48,6
2475,1206.97,3
2476,1207.45,11
2477,1207.93,4
2478,1208.42,4
2479,1208.9,6
2480,1209.38,9
2481,1209.87,8
2482,1210.35,11
2483,1210.83,7
2484,1211.31,7
2485,1211.8,9
2486,1212.28,7
2487,1212.76,11
2488,1213.25,8
2489,1213.73,9
2490,1214.21,11
2491,1214.7,8
2492,1215.18,5
2493,1215.66,4
2494,1216.14,11
2495,1216.63,8
2496,1217.11,11
2497,1217.59,9
2498,1218.08,6
2499,1218.56,12
2500,1219.04,6
2501,1219.53,3
2502,1220.01,10
2503,1220.49,11
2504,1220.97,6
2505,1221.46,7
2506,1221.94,7
2507,1222.42,10
2508,1222.91,3
2509,1223.39,4
2510,1223.87,11
2511,1224.36,11
2512,1224.84,6
2513,1225.32,5
2514,1225.81,14
2515,1226.29,8
2516,1226.77,5
2517,1227.25,14
2518,1227.74,8
2519,1228.22,5
2520,1228.7,4
2521,1229.19,6
2522,1229.67,7
2523,1230.15,15
2524,1230.64,5
2525,1231.12,8
2526,1231.6,4
2527,1232.08,7
2528,1232.57,11
2529,1233.05,9
2530,1233.53,3
2531,1234.02,6
2532,1234.5,10
2533,1234.98,8
2534,1235.47,7
2535,1235.95,11
2536,1236.43,8
2537,1236.91,10
2538,1237.4,10
2539,1237.88,10
2540,1238.36,7
2541,1238.85,7
2542,1239.33,11
2543,1239.81,6
2544,1240.3,8
2545,1240.78,17
2546,1241.26,5
2547,1241.74,10
2548,1242.23,8
2549,1242.71,12
2550,1243.19,8
2551,1243.68,7
2552,1244.16,2
2553,1244.64,6
2554,1245.13,15
2555,1245.61,5
2556,1246.09,4
2557,1246.57,7
2558,1247.06,6
2559,1247.54,7
2560,1248.02,3
2561,1248.51,5
2562,1248.99,6
2563,1249.47,10
2564,1249.96,5
2565,1250.44,3
2566,1250.92,11
2567,1251.4,9
2568,1251.89,11
2569,1252.37,10
2570,1252.85,9
2571,1253.34,8
2572,1253.82,7
2573,1254.3,4
2574,1254.79,6
2575,1255.27,5
2576,1255.75,6
2577,1256.23,6
2578,1256.72,8
2579,1257.2,7
2580,1257.68,8
2581,1258.17,9
2582,1258.65,10
2583,1259.13,3
2584,1259.62,9
2585,1260.1,7
2586,1260.58,5
2587,1261.07,10
2588,1261.55,10
2589,1262.03,8
2590,1262.51,3
2591,1263.0,6
2592,1263.48,10
2593,1263.96,6
2594,1264.45,7
2595,1264.93,6
2596,1265.41,4
2597,1265.9,3
2598,1266.38,5
2599,1266.86,17
2600,1267.34,7
2601,1267.83,6
2602,1268.31,12
2603,1268.79,2
2604,1269.28,8
2605,1269.76,7
2606,1270.24,7
2607,1270.73,7
2608,1271.21,7
2609,1271.69,7
2610,1272.17,6
2611,1272.66,6
2612,1273.14,6
2613,1273.62,8
2614,1274.11,9
2615,1274.59,4
2616,1275.07,6
2617,1275.56,8
2618,1276.04,8
2619,1276.52,4
2620,1277.0,4
2621,1277.49,6
2622,1277.97,3
2623,1278.45,8
2624,1278.94,7
2625,1279.42,8
2626,1279.9,14
2627,1280.39,8
2628,1280.87,13
2629,1281.35,5
2630,1281.83,9
2631,1282.32,7
2632,1282.8,8
2633,1283.28,8
2634,1283.77,3
2635,1284.25,7
2636,1284.73,6
2637,1285.22,6
2638,1285.7,7
2639,1286.18,7
2640,1286.66,7
2641,1287.15,12
2642,1287.63,1
2643,1288.11,8
2644,1288.6,7
2645,1289.08,4
2646,1289.56,7
2647,1290.05,4
2648,1290.53,11
2649,1291.01,9
2650,1291.49,8
2651,1291.98,5
2652,1292.46,3
2653,1292.94,2
2654,1293.43,5
2655,1293.91,10
2656,1294.39,4
2657,1294.88,2
2658,1295.36,6
2659,1295.84,5
2660,1296.33,3
2661,1296.81,8
2662,1297.29,5
2663,1297.77,6
2664,1298.26,7
2665,1298.74,7
2666,1299.22,3
2667,1299.71,12
2668,1300.19,2
2669,1300.67,8
2670,1301.16,5
2671,1301.64,7
2672,1302.12,8
2673,1302.6,4
2674,1303.09,2
2675,1303.57,6
2676,1304.05,8
2677,1304.54,2
2678,1305.02,10
2679,1305.5,5
2680,1305.99,4
2681,1306.47,6
2682,1306.95,10
2683,1307.43,11
2684,1307.92,5
2685,1308.4,7
2686,1308.88,4
2687,1309.37,6
2688,1309.85,4
2689,1310.33,7
2690,1310.82,2
2691,1311.3,10
2692,1311.78,8
2693,1312.26,6
2694,1312.75,9
2695,1313.23,8
2696,1313.71,2
2697,1314.2,5
2698,1314.68,6
2699,1315.16,8
2700,1315.65,5
2701,1316.13,10
2702,1316.61,7
2703,1317.09,12
2704,1317.58,8
2705,1318.06,7
2706,1318.54,5
2707,1319.03,6
2708,1319.51,9
2709,1319.99,7
2710,1320.48,7
2711,1320.96,7
2712,1321.44,10
2713,1321.92,6
2714,1322.41,8
2715,1322.89,4
2716,1323.37,6
2717,1323.86,5
2718,1324.34,7
2719,1324.82,3
2720,1325.31,7
2721,1325.79,7
2722,1326.27,11
2723,1326.75,4
2724,1327.24,3
2725,1327.72,6
2726,1328.2,5
2727,1328.69,7
2728,1329.17,7
2729,1329.65,6
2730,1330.14,8
2731,1330.62,9
2732,1331.1,6
2733,1331.59,5
2734,1332.07,7
2735,1332.55,2
2736,1333.03,7
2737,1333.52,6
2738,1334.0,3
2739,1334.48,7
2740,1334.97,12
2741,1335.45,9
2742,1335.93,1
2743,1336.42,6
2744,1336.9,9
2745,1337.38,2
2746,1337.86,5
2747,1338.35,5
2748,1338.83,7
2749,1339.31,2
2750,1339.8,7
2751,1340.28,7
2752,1340.76,7
2753,1341.25,5
2754,1341.73,3
2755,1342.21,1
2756,1342.69,4
2757,1343.18,6
2758,1343.66,7
2759,1344.14,7
2760,1344.63,5
2761,1345.11,7
2762,1345.59,6
2763,1346.08,7
2764,1346.56,9
2765,1347.04,7
2766,1347.52,9
2767,1348.01,10
2768,1348.49,4
2769,1348.97,5
2770,1349.46,8
2771,1349.94,3
2772,1350.42,2
2773,1350.91,9
2774,1351.39,5
2775,1351.87,4
2776,1352.35,5
2777,1352.84,5
2778,1353.32,6
2779,1353.8,8
2780,1354.29,10
2781,1354.77,6
2782,1355.25,7
2783,1355.74,8
2784,1356.22,5
2785,1356.7,3
2786,1357.18,4
2787,1357.67,4
2788,1358.15,3
2789,1358.63,7
2790,1359.12,7
2791,1359.6,6
2792,1360.08,5
2793,1360.57,6
2794,1361.05,8
2795,1361.53,3
2796,1362.01,3
2797,1362.5,5
2798,1362.98,8
2799,1363.46,6
2800,1363.95,5
2801,1364.43,3
2802,1364.91,3
2803,1365.4,4
2804,1365.88,3
2805,1366.36,5
2806,1366.84,6
2807,1367.33,6
2808,1367.81,5
2809,1368.29,7
2810,1368.78,7
2811,1369.26,5
2812,1369.74,6
2813,1370.23,8
2814,1370.71,5
2815,1371.19,9
2816,1371.68,3
2817,1372.16,9
2818,1372.64,5
2819,1373.12,5
2820,1373.61,9
2821,1374.09,6
2822,1374.57,2
2823,1375.06,5
2824,1375.54,3
2825,1376.02,3
2826,1376.51,4
2827,1376.99,6
2828,1377.47,1
2829,1377.95,14
2830,1378.44,6
2831,1378.92,7
2832,1379.4,2
2833,1379.89,6
2834,1380.37,7
2835,1380.85,13
2836,1381.34,7
2837,1381.82,10
2838,1382.3,4
2839,1382.78,2
2840,1383.27,4
2841,1383.75,4
2842,1384.23,8
2843,1384.72,5
2844,1385.2,6
2845,1385.68,6
2846,1386.17,7
2847,1386.65,7
2848,1387.13,7
2849,1387.61,2
2850,1388.1,7
2851,1388.58,6
2852,1389.06,5
2853,1389.55,12
2854,1390.03,6
2855,1390.51,5
2856,1391.0,5
2857,1391.48,7
2858,1391.96,4
2859,1392.44,9
2860,1392.93,3
2861,1393.41,12
2862,1393.89,11
2863,1394.38,5
2864,1394.86,6
2865,1395.34,3
2866,1395.83,7
2867,1396.31,6
2868,1396.79,5
2869,1397.27,5
2870,1397.76,3
2871,1398.24,7
2872,1398.72,4
2873,1399.21,4
2874,1399.69,3
2875,1400.17,5
2876,1400.66,3
2877,1401.14,8
2878,1401.62,4
2879,1402.1,8
2880,1402.59,10
2881,1403.07,6
2882,1403.55,7
2883,1404.04,5
2884,1404.52,4
2885,1405.0,6
2886,1405.49,6
2887,1405.97,6
2888,1406.45,6
2889,1406.94,4
2890,1407.42,5
2891,1407.9,7
2892,1408.38,6
2893,1408.87,4
2894,1409.35,7
2895,1409.83,6
2896,1410.32,3
2897,1410.8,3
2898,1411.28,2
2899,1411.77,5
2900,1412.25,6
2901,1412.73,5
2902,1413.21,4
2903,1413.7,7
2904,1414.18,5
2905,1414.66,4
2906,1415.15,4
2907,1415.63,8
2908,1416.11,6
2909,1416.6,6
2910,1417.08,4
2911,1417.56,3
2912,1418.04,6
2913,1418.53,6
2914,1419.01,14
2915,1419.49,4
2916,1419.98,8
2917,1420.46,2
2918,1420.94,7
2919,1421.43,8
2920,1421.91,6
2921,1422.39,6
2922,1422.87,2
2923,1423.36,5
2924,1423.84,9
2925,1424.32,4
2926,1424.81,5
2927,1425.29,3
2928,1425.77,5
2929,1426.26,4
2930,1426.74,5
2931,1427.22,7
2932,1427.7,2
2933,1428.19,2
2934,1428.67,7
2935,1429.15,3
2936,1429.64,5
2937,1430.12,9
2938,1430.6,6
2939,1431.09,4
2940,1431.57,2
2941,1432.05,3
2942,1432.53,5
2943,1433.02,5
2944,1433.5,8
2945,1433.98,6
2946,1434.47,8
2947,1434.95,5
2948,1435.43,7
2949,1435.92,5
2950,1436.4,8
2951,1436.88,6
2952,1437.36,9
2953,1437.85,4
2954,1438.33,5
2955,1438.81,8
2956,1439.3,9
2957,1439.78,2
2958,1440.26,5
2959,1440.75,5
2960,1441.23,2
2961,1441.71,5
2962,1442.2,7
2963,1442.68,5
2964,1443.16,10
2965,1443.64,3
2966,1444.13,5
2967,1444.61,7
2968,1445.09,7
2969,1445.58,5
2970,1446.06,6
2971,1446.54,7
2972,1447.03,5
2973,1447.51,6
2974,1447.99,2
2975,1448.47,5
2976,1448.96,7
2977,1449.44,4
2978,1449.92,7
2979,1450.41,5
2980,1450.89,7
2981,1451.37,4
2982,1451.86,5
2983,1452.34,4
2984,1452.82,2
2985,1453.3,4
2986,1453.79,9
2987,1454.27,5
2988,1454.75,2
2989,1455.24,7
2990,1455.72,3
2991,1456.2,9
2992,1456.69,5
2993,1457.17,3
2994,1457.65,3
2995,1458.13,7
2996,1458.62,9
2997,1459.1,4
2998,1459.58,7
2999,1460.07,10
3000,1460.55,16
3001,1461.03,15
3002,1461.52,20
3003,1462.0,18
3004,1462.48,13
3005,1462.96,15
3006,1463.45,4
3007,1463.93,6
3008,1464.41,3
3009,1464.9,4
3010,1465.38,5
3011,1465.86,5
3012,1466.35,5
3013,1466.83,2
3014,1467.31,3
3015,1467.79,3
3016,1468.28,7
3017,1468.76,2
3018,1469.24,4
3019,1469.73,4
3020,1470.21,3
3021,1470.69,4
3022,1471.18,1
3023,1471.66,4
3024,1472.14,7
3025,1472.62,4
3026,1473.11,7
3027,1473.59,6
3028,1474.07,3
3029,1474.56,8
3030,1475.04,3
3031,1475.52,6
3032,1476.01,3
3033,1476.49,6
3034,1476.97,4
3035,1477.46,9
3036,1477.94,5
3037,1478.42,3
3038,1478.9,3
3039,1479.39,5
3040,1479.87,3
3041,1480.35,3
3042,1480.84,5
3043,1481.32,6
3044,1481.8,3
3045,1482.29,8
3046,1482.77,8
3047,1483.25,8
3048,1483.73,7
3049,1484.22,5
3050,1484.7,5
3051,1485.18,6
3052,1485.67,6
3053,1486.15,4
3054,1486.63,11
3055,1487.12,5
3056,1487.6,5
3057,1488.08,3
3058,1488.56,6
3059,1489.05,8
3060,1489.53,4
3061,1490.01,3
3062,1490.5,4
3063,1490.98,11
3064,1491.46,7
3065,1491.95,3
3066,1492.43,6
3067,1492.91,8
3068,1493.39,7
3069,1493.88,8
3070,1494.36,4
3071,1494.84,6
3072,1495.33,5
3073,1495.81,8
3074,1496.29,5
3075,1496.78,7
3076,1497.26,3
3077,1497.74,1
3078,1498.22,2
3079,1498.71,3
3080,1499.19,2
3081,1499.67,4
3082,1500.16,8
3083,1500.64,5
3084,1501.12,4
3085,1501.61,3
3086,1502.09,7
3087,1502.57,2
3088,1503.05,3
3089,1503.54,7
3090,1504.02,4
3091,1504.5,7
3092,1504.99,4
3093,1505.47,2
3094,1505.95,3
3095,1506.44,4
3096,1506.92,3
3097,1507.4,5
3098,1507.88,4
3099,1508.37,7
3100,1508.85,8
3101,1509.33,4
3102,1509.82,3
3103,1510.3,3
3104,1510.78,4
3105,1511.27,0
3106,1511.75,1
3107,1512.23,5
3108,1512.72,4
3109,1513.2,1
3110,1513.68,9
3111,1514.16,5
3112,1514.65,5
3113,1515.13,6
3114,1515.61,1
3115,1516.1,4
3116,1516.58,3
3117,1517.06,2
3118,1517.55,5
3119,1518.03,7
3120,1518.51,8
3121,1518.99,5
3122,1519.48,2
3123,1519.96,6
3124,1520.44,4
3125,1520.93,6
3126,1521.41,7
3127,1521.89,4
3128,1522.38,4
3129,1522.86,10
3130,1523.34,7
3131,1523.82,2
3132,1524.31,7
3133,1524.79,1
3134,1525.27,4
3135,1525.76,2
3136,1526.24,5
3137,1526.72,6
3138,1527.21,6
3139,1527.69,4
3140,1528.17,7
3141,1528.65,5
3142,1529.14,3
3143,1529.62,6
3144,1530.1,9
3145,1530.59,5
3146,1531.07,1
3147,1531.55,9
3148,1532.04,3
3149,1532.52,4
3150,1533.0,6
3151,1533.48,5
3152,1533.97,3
3153,1534.45,1
3154,1534.93,2
3155,1535.42,6
3156,1535.9,2
3157,1536.38,4
3158,1536.87,5
3159,1537.35,4
3160,1537.83,4
3161,1538.31,7
3162,1538.8,8
3163,1539.28,7
3164,1539.76,6
3165,1540.25,5
3166,1540.73,7
3167,1541.21,3
3168,1541.7,5
3169,1542.18,5
3170,1542.66,1
3171,1543.14,4
3172,1543.63,3
3173,1544.11,6
3174,1544.59,3
3175,1545.08,2
3176,1545.56,3
3177,1546.04,8
3178,1546.53,1
3179,1547.01,6
3180,1547.49,2
3181,1547.98,5
3182,1548.46,2
3183,1548.94,6
3184,1549.42,5
3185,1549.91,3
3186,1550.39,2
3187,1550.87,3
3188,1551.36,5
3189,1551.84,2
3190,1552.32,2
3191,1552.81,4
3192,1553.29,4
3193,1553.77,6
3194,1554.25,1
3195,1554.74,4
3196,1555.22,1
3197,1555.7,6
3198,1556.19,2
3199,1556.67,3
3200,1557.15,2
3201,1557.64,3
3202,1558.12,2
3203,1558.6,4
3204,1559.08,4
3205,1559.57,2
3206,1560.05,3
3207,1560.53,3
3208,1561.02,4
3209,1561.5,2
3210,1561.98,3
3211,1562.47,4
3212,1562.95,4
3213,1563.43,4
3214,1563.91,2
3215,1564.4,3
3216,1564.88,4
3217,1565.36,3
3218,1565.85,6
3219,1566.33,3
3220,1566.81,3
3221,1567.3,3
3222,1567.78,5
3223,1568.26,4
3224,1568.74,9
3225,1569.23,6
3226,1569.71,3
3227,1570.19,4
3228,1570.68,0
3229,1571.16,2
3230,1571.64,4
3231,1572.13,4
3232,1572.61,4
3233,1573.09,1
3234,1573.57,1
3235,1574.06,3
3236,1574.54,2
3237,1575.02,3
3238,1575.51,2
3239,1575.99,5
3240,1576.47,7
3241,1576.96,5
3242,1577.44,8
3243,1577.92,6
3244,1578.4,3
3245,1578.89,2
3246,1579.37,3
3247,1579.85,4
3248,1580.34,7
3249,1580.82,4
3250,1581.3,1
3251,1581.79,2
3252,1582.27,3
3253,1582.75,9
3254,1583.24,5
3255,1583.72,8
3256,1584.2,2
3257,1584.68,2
3258,1585.17,3
3259,1585.65,3
3260,1586.13,3
3261,1586.62,6
3262,1587.1,8
3263,1587.58,2
3264,1588.07,3
3265,1588.55,4
3266,1589.03,2
3267,1589.51,6
3268,1590.0,3
3269,1590.48,2
3270,1590.96,3
3271,1591.45,6
3272,1591.93,5
3273,1592.41,4
3274,1592.9,5
3275,1593.38,5
3276,1593.86,5
3277,1594.34,7
3278,1594.83,4
3279,1595.31,4
3280,1595.79,6
3281,1596.28,7
3282,1596.76,2
3283,1597.24,4
3284,1597.73,3
3285,1598.21,3
3286,1598.69,2
3287,1599.17,4
3288,1599.66,1
3289,1600.14,8
3290,1600.62,5
3291,1601.11,2
3292,1601.59,6
3293,1602.07,1
3294,1602.56,8
3295,1603.04,4
3296,1603.52,7
3297,1604.0,3
3298,1604.49,6
3299,1604.97,2
3300,1605.45,5
3301,1605.94,4
3302,1606.42,8
3303,1606.9,4
3304,1607.39,2
3305,1607.87,4
3306,1608.35,4
3307,1608.83,1
3308,1609.32,4
3309,1609.8,3
3310,1610.28,4
3311,1610.77,2
3312,1611.25,5
3313,1611.73,3
3314,1612.22,2
3315,1612.7,10
3316,1613.18,2
3317,1613.66,4
3318,1614.15,6
3319,1614.63,5
3320,1615.11,5
3321,1615.6,3
3322,1616.08,5
3323,1616.56,1
3324,1617.05,5
3325,1617.53,2
3326,1618.01,5
3327,1618.5,4
3328,1618.98,7
3329,1619.46,2
3330,1619.94,5
3331,1620.43,6
3332,1620.91,2
3333,1621.39,6
3334,1621.88,4
3335,1622.36,3
3336,1622.84,4
3337,1623.33,5
3338,1623.81,4
3339,1624.29,3
3340,1624.77,3
3341,1625.26,4
3342,1625.74,1
3343,1626.22,2
3344,1626.71,2
3345,1627.19,2
3346,1627.67,5
3347,1628.16,3
3348,1628.64,1
3349,1629.12,8
3350,1629.6,6
3351,1630.09,6
3352,1630.57,6
3353,1631.05,2
3354,1631.54,4
3355,1632.02,1
3356,1632.5,2
3357,1632.99,5
3358,1633.47,6
3359,1633.95,2
3360,1634.43,4
3361,1634.92,4
3362,1635.4,1
3363,1635.88,3
3364,1636.37,2
3365,1636.85,4
3366,1637.33,3
3367,1637.82,3
3368,1638.3,5
3369,1638.78,4
3370,1639.26,2
3371,1639.75,0
3372,1640.23,3
3373,1640.71,4
3374,1641.2,1
3375,1641.68,3
3376,1642.16,12
3377,1642.65,6
3378,1643.13,7
3379,1643.61,2
3380,1644.09,4
3381,1644.58,3
3382,1645.06,3
3383,1645.54,3
3384,1646.03,3
3385,1646.51,4
3386,1646.99,5
3387,1647.48,2
3388,1647.96,5
3389,1648.44,2
3390,1648.92,7
3391,1649.41,3
3392,1649.89,6
3393,1650.37,3
3394,1650.86,2
3395,1651.34,1
3396,1651.82,4
3397,1652.31,1
3398,1652.79,5
3399,1653.27,2
3400,1653.76,1
3401,1654.24,3
3402,1654.72,4
3403,1655.2,5
3404,1655.69,2
3405,1656.17,4
3406,1656.65,5
3407,1657.14,1
3408,1657.62,3
3409,1658.1,3
3410,1658.59,5
3411,1659.07,2
3412,1659.55,5
3413,1660.03,2
3414,1660.52,0
3415,1661.0,1
3416,1661.48,5
3417,1661.97,5
3418,1662.45,2
3419,1662.93,5
3420,1663.42,3
3421,1663.9,3
3422,1664.38,2
3423,1664.86,2
3424,1665.35,4
3425,1665.83,2
3426,1666.31,5
3427,1666.8,5
3428,1667.28,3
3429,1667.76,3
3430,1668.25,5
3431,1668.73,0
3432,1669.21,4
3433,1669.69,6
3434,1670.18,6
3435,1670.66,5
3436,1671.14,2
3437,1671.63,3
3438,1672.11,1
3439,1672.59,5
3440,1673.08,5
3441,1673.56,3
3442,1674.04,2
3443,1674.52,3
3444,1675.01,3
3445,1675.49,4
3446,1675.97,2
3447,1676.46,1
3448,1676.94,2
3449,1677.42,3
3450,1677.91,1
3451,1678.39,2
3452,1678.87,1
3453,1679.35,2
3454,1679.84,0
3455,1680.32,4
3456,1680.8,2
3457,1681.29,6
3458,1681.77,5
3459,1682.25,4
3460,1682.74,4
3461,1683.22,1
3462,1683.7,0
3463,1684.18,2
3464,1684.67,3
3465,1685.15,4
3466,1685.63,2
3467,1686.12,4
3468,1686.6,2
3469,1687.08,5
3470,1687.57,2
3471,1688.05,6
3472,1688.53,4
3473,1689.01,3
3474,1689.5,9
3475,1689.98,5
3476,1690.46,1
3477,1690.95,1
3478,1691.43,4
3479,1691.91,0
3480,1692.4,4
3481,1692.88,3
3482,1693.36,1
3483,1693.85,4
3484,1694.33,3
3485,1694.81,3
3486,1695.29,4
3487,1695.78,5
3488,1696.26,4
3489,1696.74,4
3490,1697.23,4
3491,1697.71,4
3492,1698.19,4
3493,1698.68,2
3494,1699.16,0
3495,1699.64,3
3496,1700.12,4
3497,1700.61,6
3498,1701.09,5
3499,1701.57,1
3500,1702.06,5
3501,1702.54,2
3502,1703.02,4
3503,1703.51,2
3504,1703.99,5
3505,1704.47,6
3506,1704.95,3
3507,1705.44,1
3508,1705.92,2
3509,1706.4,5
3510,1706.89,3
3511,1707.37,4
3512,1707.85,3
3513,1708.34,3
3514,1708.82,10
3515,1709.3,6
3516,1709.78,1
3517,1710.27,4
3518,1710.75,4
3519,1711.23,3
3520,1711.72,7
3521,1712.2,3
3522,1712.68,5
3523,1713.17,5
3524,1713.65,4
3525,1714.13,3
3526,1714.61,1
3527,1715.1,2
3528,1715.58,5
3529,1716.06,3
3530,1716.55,4
3531,1717.03,0
3532,1717.51,3
3533,1718.0,4
3534,1718.48,6
3535,1718.96,4
3536,1719.44,1
3537,1719.93,1
3538,1720.41,2
3539,1720.89,3
3540,1721.38,6
3541,1721.86,5
3542,1722.34,5
3543,1722.83,4
3544,1723.31,3
3545,1723.79,2
3546,1724.27,2
3547,1724.76,1
3548,1725.24,1
3549,1725.72,2
3550,1726.21,1
3551,1726.69,1
3552,1727.17,2
3553,1727.66,3
3554,1728.14,5
3555,1728.62,4
3556,1729.11,4
3557,1729.59,2
3558,1730.07,3
3559,1730.55,3
3560,1731.04,4
3561,1731.52,7
3562,1732.0,3
3563,1732.49,2
3564,1732.97,5
3565,1733.45,0
3566,1733.94,4
3567,1734.42,5
3568,1734.9,1
3569,1735.38,1
3570,1735.87,4
3571,1736.35,3
3572,1736.83,2
3573,1737.32,1
3574,1737.8,3
3575,1738.28,2
3576,1738.77,3
3577,1739.25,2
3578,1739.73,1
3579,1740.21,1
3580,1740.7,5
3581,1741.18,1
3582,1741.66,0
3583,1742.15,2
3584,1742.63,2
3585,1743.11,3
3586,1743.6,6
3587,1744.08,1
3588,1744.56,1
3589,1745.04,7
3590,1745.53,5
3591,1746.01,3
3592,1746.49,1
3593,1746.98,1
3594,1747.46,6
3595,1747.94,4
3596,1748.43,1
3597,1748.91,4
3598,1749.39,4
3599,1749.87,0
3600,1750.36,1
3601,1750.84,2
3602,1751.32,2
3603,1751.81,2
3604,1752.29,3
3605,1752.77,1
3606,1753.26,2
3607,1753.74,4
3608,1754.22,6
3609,1754.7,2
3610,1755.19,2
3611,1755.67,1
3612,1756.15,3
3613,1756.64,4
3614,1757.12,4
3615,1757.6,1
3616,1758.09,7
3617,1758.57,4
3618,1759.05,2
3619,1759.53,2
3620,1760.02,6
3621,1760.5,3
3622,1760.98,3
3623,1761.47,1
3624,1761.95,1
3625,1762.43,2
3626,1762.92,3
3627,1763.4,3
3628,1763.88,4
3629,1764.37,8
3630,1764.85,9
3631,1765.33,9
3632,1765.81,7
3633,1766.3,8
3634,1766.78,4
3635,1767.26,1
3636,1767.75,1
3637,1768.23,1
3638,1768.71,3
3639,1769.2,3
3640,1769.68,2
3641,1770.16,5
3642,1770.64,4
3643,1771.13,2
3644,1771.61,6
3645,1772.09,1
3646,1772.58,1
3647,1773.06,1
3648,1773.54,2
3649,1774.03,3
3650,1774.51,2
3651,1774.99,3
3652,1775.47,2
3653,1775.96,5
3654,1776.44,1
3655,1776.92,2
3656,1777.41,3
3657,1777.89,1
3658,1778.37,3
3659,1778.86,4
3660,1779.34,2
3661,1779.82,4
3662,1780.3,1
3663,1780.79,2
3664,1781.27,1
3665,1781.75,4
3666,1782.24,2
3667,1782.72,4
3668,1783.2,1
3669,1783.69,1
3670,1784.17,2
3671,1784.65,6
3672,1785.13,2
3673,1785.62,1
3674,1786.1,3
3675,1786.58,3
3676,1787.07,1
3677,1787.55,1
3678,1788.03,5
3679,1788.52,6
3680,1789.0,5
3681,1789.48,4
3682,1789.96,4
3683,1790.45,5
3684,1790.93,1
3685,1791.41,4
3686,1791.9,3
3687,1792.38,3
3688,1792.86,1
3689,1793.35,3
3690,1793.83,4
3691,1794.31,4
3692,1794.79,1
3693,1795.28,2
3694,1795.76,0
3695,1796.24,1
3696,1796.73,0
3697,1797.21,2
3698,1797.69,5
3699,1798.18,3
3700,1798.66,3
3701,1799.14,4
3702,1799.63,2
3703,1800.11,1
3704,1800.59,3
3705,1801.07,2
3706,1801.56,5
3707,1802.04,1
3708,1802.52,3
3709,1803.01,0
3710,1803.49,3
3711,1803.97,3
3712,1804.46,4
3713,1804.94,2
3714,1805.42,2
3715,1805.9,2
3716,1806.39,2
3717,1806.87,2
3718,1807.35,2
3719,1807.84,0
3720,1808.32,4
3721,1808.8,0
3722,1809.29,4
3723,1809.77,3
3724,1810.25,3
3725,1810.73,7
3726,1811.22,5
3727,1811.7,5
3728,1812.18,2
3729,1812.67,5
3730,1813.15,7
3731,1813.63,4
3732,1814.12,1
3733,1814.6,2
3734,1815.08,2
3735,1815.56,1
3736,1816.05,3
3737,1816.53,1
3738,1817.01,5
3739,1817.5,2
3740,1817.98,3
3741,1818.46,2
3742,1818.95,1
3743,1819.43,5
3744,1819.91,4
3745,1820.39,2
3746,1820.88,2
3747,1821.36,1
3748,1821.84,5
3749,1822.33,3
3750,1822.81,2
3751,1823.29,1
3752,1823.78,4
3753,1824.26,3
3754,1824.74,1
3755,1825.22,2
3756,1825.71,4
3757,1826.19,5
3758,1826.67,4
3759,1827.16,2
3760,1827.64,5
3761,1828.12,4
3762,1828.61,2
3763,1829.09,3
3764,1829.57,4
3765,1830.05,2
3766,1830.54,3
3767,1831.02,2
3768,1831.5,4
3769,1831.99,1
3770,1832.47,3
3771,1832.95,3
3772,1833.44,2
3773,1833.92,1
3774,1834.4,1
3775,1834.89,1
3776,1835.37,1
3777,1835.85,2
3778,1836.33,2
3779,1836.82,0
3780,1837.3,2
3781,1837.78,2
3782,1838.27,2
3783,1838.75,3
3784,1839.23,3
3785,1839.72,0
3786,1840.2,3
3787,1840.68,2
3788,1841.16,4
3789,1841.65,4
3790,1842.13,2
3791,1842.61,2
3792,1843.1,2
3793,1843.58,1
3794,1844.06,1
3795,1844.55,2
3796,1845.03,1
3797,1845.51,3
3798,1845.99,3
3799,1846.48,2
3800,1846.96,2
3801,1847.44,4
3802,1847.93,1
3803,1848.41,5
3804,1848.89,4
3805,1849.38,4
3806,1849.86,3
3807,1850.34,7
3808,1850.82,2
3809,1851.31,2
3810,1851.79,0
3811,1852.27,2
3812,1852.76,5
3813,1853.24,2
3814,1853.72,1
3815,1854.21,4
3816,1854.69,4
3817,1855.17,1
3818,1855.65,0
3819,1856.14,4
3820,1856.62,2
3821,1857.1,1
3822,1857.59,1
3823,1858.07,1
3824,1858.55,2
3825,1859.04,4
3826,1859.52,3
3827,1860.0,2
3828,1860.48,2
3829,1860.97,2
3830,1861.45,1
3831,1861.93,1
3832,1862.42,2
3833,1862.9,2
3834,1863.38,1
3835,1863.87,4
3836,1864.35,5
3837,1864.83,2
3838,1865.31,2
3839,1865.8,3
3840,1866.28,1
3841,1866.76,2
3842,1867.25,2
3843,1867.73,2
3844,1868.21,2
3845,1868.7,3
3846,1869.18,3
3847,1869.66,6
3848,1870.15,1
3849,1870.63,5
3850,1871.11,1
3851,1871.59,0
3852,1872.08,1
3853,1872.56,2
3854,1873.04,2
3855,1873.53,1
3856,1874.01,3
3857,1874.49,2
3858,1874.98,4
3859,1875.46,2
3860,1875.94,2
3861,1876.42,3
3862,1876.91,2
3863,1877.39,4
3864,1877.87,2
3865,1878.36,0
3866,1878.84,2
3867,1879.32,2
3868,1879.81,2
3869,1880.29,2
3870,1880.77,2
3871,1881.25,2
3872,1881.74,5
3873,1882.22,1
3874,1882.7,0
3875,1883.19,2
3876,1883.67,4
3877,1884.15,1
3878,1884.64,3
3879,1885.12,3
3880,1885.6,4
3881,1886.08,4
3882,1886.57,1
3883,1887.05,4
3884,1887.53,3
3885,1888.02,2
3886,1888.5,2
3887,1888.98,1
3888,1889.47,4
3889,1889.95,2
3890,1890.43,0
3891,1890.91,1
3892,1891.4,3
3893,1891.88,5
3894,1892.36,0
3895,1892.85,3
3896,1893.33,1
3897,1893.81,5
3898,1894.3,3
3899,1894.78,1
3900,1895.26,2
3901,1895.74,0
3902,1896.23,1
3903,1896.71,4
3904,1897.19,3
3905,1897.68,3
3906,1898.16,3
3907,1898.64,3
3908,1899.13,3
3909,1899.61,3
3910,1900.09,1
3911,1900.57,0
3912,1901.06,2
3913,1901.54,0
3914,1902.02,2
3915,1902.51,5
3916,1902.99,4
3917,1903.47,5
3918,1903.96,0
3919,1904.44,0
3920,1904.92,3
3921,1905.41,3
3922,1905.89,2
3923,1906.37,3
3924,1906.85,3
3925,1907.34,5
3926,1907.82,1
3927,1908.3,5
3928,1908.79,4
3929,1909.27,1
3930,1909.75,2
3931,1910.24,2
3932,1910.72,0
3933,1911.2,3
3934,1911.68,4
3935,1912.17,2
3936,1912.65,4
3937,1913.13,2
3938,1913.62,2
3939,1914.1,3
3940,1914.58,1
3941,1915.07,0
3942,1915.55,3
3943,1916.03,2
3944,1916.51,3
3945,1917.0,3
3946,1917.48,1
3947,1917.96,0
3948,1918.45,0
3949,1918.93,3
3950,1919.41,2
3951,1919.9,3
3952,1920.38,2
3953,1920.86,1
3954,1921.34,1
3955,1921.83,1
3956,1922.31,0
3957,1922.79,2
3958,1923.28,3
3959,1923.76,2
3960,1924.24,1
3961,1924.73,0
3962,1925.21,3
3963,1925.69,4
3964,1926.17,2
3965,1926.66,0
3966,1927.14,3
3967,1927.62,2
3968,1928.11,3
3969,1928.59,1
3970,1929.07,2
3971,1929.56,2
3972,1930.04,4
3973,1930.52,1
3974,1931.0,1
3975,1931.49,1
3976,1931.97,0
3977,1932.45,5
3978,1932.94,1
3979,1933.42,1
3980,1933.9,6
3981,1934.39,1
3982,1934.87,6
3983,1935.35,1
3984,1935.83,1
3985,1936.32,4
3986,1936.8,2
3987,1937.28,5
3988,1937.77,0
3989,1938.25,2
3990,1938.73,5
3991,1939.22,2
3992,1939.7,5
3993,1940.18,3
3994,1940.67,2
3995,1941.15,4
3996,1941.63,2
3997,1942.11,2
3998,1942.6,3
3999,1943.08,3
4000,1943.56,2
4001,1944.05,3
4002,1944.53,1
4003,1945.01,0
4004,1945.5,5
4005,1945.98,6
4006,1946.46,1
4007,1946.94,0
4008,1947.43,2
4009,1947.91,2
4010,1948.39,2
4011,1948.88,2
4012,1949.36,5
4013,1949.84,1
4014,1950.33,0
4015,1950.81,0
4016,1951.29,2
4017,1951.77,3
4018,1952.26,0
4019,1952.74,2
4020,1953.22,0
4021,1953.71,0
4022,1954.19,0
4023,1954.67,0
4024,1955.16,0
4025,1955.64,0
4026,1956.12,0
4027,1956.6,0
4028,1957.09,0
4029,1957.57,0
4030,1958.05,0
4031,1958.54,0
4032,1959.02,0
4033,1959.5,0
4034,1959.99,0
4035,1960.47,0
4036,1960.95,0
4037,1961.43,0
4038,1961.92,0
4039,1962.4,0
4040,1962.88,0
4041,1963.37,0
4042,1963.85,0
4043,1964.33,0
4044,1964.82,0
4045,1965.3,0
4046,1965.78,0
4047,1966.26,0
4048,1966.75,0
4049,1967.23,0
4050,1967.71,0
4051,1968.2,0
4052,1968.68,0
4053,1969.16,0
4054,1969.65,0
4055,1970.13,0
4056,1970.61,0
4057,1971.09,0
4058,1971.58,0
4059,1972.06,0
4060,1972.54,0
4061,1973.03,0
4062,1973.51,0
4063,1973.99,0
4064,1974.48,0
4065,1974.96,0
4066,1975.44,0
4067,1975.93,0
4068,1976.41,0
4069,1976.89,0
4070,1977.37,0
4071,1977.86,0
4072,1978.34,0
4073,1978.82,0
4074,1979.31,0
4075,1979.79,0
4076,1980.27,0
4077,1980.76,0
4078,1981.24,0
4079,1981.72,0
4080,1982.2,0
4081,1982.69,0
4082,1983.17,0
4083,1983.65,0
4084,1984.14,0
4085,1984.62,0
4086,1985.1,0
4087,1985.59,0
4088,1986.07,0
4089,1986.55,0
4090,1987.03,0
4091,1987.52,0
4092,1988.0,0
4093,1988.48,0
4094,1988.97,0
4095,1989.45,0
4096,1989.93,0
